 
1,Nate,Abrahamoff,nabrahamoffnl@hubpages.com,Other,208.118.36.99
2,Estel,Adamovitz,eadamovitz1d@xinhuanet.com,Female,15.23.180.155
3,Libby,Aers,laersl1@vimeo.com,Male,92.133.81.4
4,Gardener,Aery,gaerye3@t-online.de,Male,236.159.230.119
5,Krissy,Aizikov,kaizikovox@diigo.com,Male,62.164.23.15
6,Jess,Aldwinckle,jaldwincklei@tumblr.com,Male,42.190.71.149
7,Stevy,Alibone,salibone24@sphinn.com,Male,89.80.174.35
8,Horace,Allcroft,hallcroftcb@disqus.com,Female,210.225.98.192
9,Natale,Alldred,nalldred4s@dot.gov,Female,45.189.192.216
10,Barnabe,Allicock,ballicockkj@ucoz.ru,Male,135.195.88.200
11,Marlon,Alliker,malliker6k@amazon.com,Female,202.111.10.148
12,Esta,Allsobrook,eallsobrookbm@nsw.gov.au,Male,136.106.128.129
13,Templeton,Allward,tallwardq@zimbio.com,Male,180.3.42.73
14,Catlee,Alwen,calwenm8@economist.com,Male,16.53.98.18
15,Bran,Andreia,bandreiabp@addtoany.com,Male,76.145.112.113
16,Hercule,Anshell,hanshellqe@gmpg.org,Female,19.170.98.86
17,Richmond,Antrag,rantragii@moonfruit.com,Other,161.228.134.148
18,Birgitta,Armit,barmitb6@hexun.com,Male,159.174.164.207
19,Murray,Arrigo,marrigo3m@guardian.co.uk,Female,10.109.208.173
20,Scott,Arter,sarter3x@state.gov,Female,68.237.96.180
21,Simmonds,Ashington,sashingtonps@reuters.com,Male,55.204.5.105
22,Odele,Askell,oaskellu@drupal.org,Other,185.97.229.134
23,Pavlov,Atack,patack9q@google.de,Male,184.56.46.180
24,Roxie,Athow,rathowrg@blogs.com,Female,225.196.184.23
25,Gaynor,Atkinson,gatkinsonon@marketwatch.com,Other,163.25.105.194
26,Harmonia,Atkinson,hatkinson2k@photobucket.com,Other,130.115.95.190
27,Christian,Augur,caugurki@google.fr,Male,95.118.233.147
28,Annaliese,Austwick,aaustwickh1@shareasale.com,Female,97.62.37.65
29,Selena,Axup,saxup53@sohu.com,Other,236.150.248.240
30,Kiele,Ayris,kayrisda@hp.com,Female,124.10.206.247
31,Mead,Babin,mbabin3u@census.gov,Male,159.146.13.143
32,Juliana,Babington,jbabington19@storify.com,Other,96.226.206.211
33,Ricoriki,Badsey,rbadsey8f@youtube.com,Female,125.13.140.171
34,Frank,Baff,fbaffmr@cloudflare.com,Male,7.41.133.93
35,Amity,Bagley,abagley6n@sfgate.com,Female,105.138.80.248
36,Faustina,Bagnal,fbagnal2g@marketwatch.com,Male,173.156.2.93
37,Sergio,Bagnal,sbagnal42@wikipedia.org,Male,80.10.19.243
38,Gilburt,Baitson,gbaitson7b@facebook.com,Female,21.206.148.161
39,Rasia,Baldi,rbaldid6@princeton.edu,Female,71.185.77.25
40,Darrelle,Baldoni,dbaldonid1@wufoo.com,Female,188.138.241.124
41,Cathie,Balhatchet,cbalhatchet5f@nationalgeographic.com,Male,157.45.2.79
42,Tadeas,Ballaam,tballaammo@slashdot.org,Male,175.10.24.103
43,Kasey,Balogun,kbalogun28@harvard.edu,Female,191.220.100.68
44,Katrina,Bamlet,kbamlet9x@scientificamerican.com,Female,101.26.67.50
45,Bonnie,Banes,bbanes6j@reddit.com,Male,30.110.50.98
46,Rand,Barbara,rbarbarage@sina.com.cn,Female,113.54.165.11
47,Bruce,Barrar,bbarrarba@wikispaces.com,Male,56.242.7.231
48,Osmond,Barrell,obarrellje@nasa.gov,Male,71.58.176.222
49,Ludovika,Barthod,lbarthodkm@loc.gov,Male,15.98.183.214
50,Virginie,Barzen,vbarzen99@w3.org,Other,187.176.199.223
51,Bordy,Basill,bbasillqo@abc.net.au,Female,161.4.195.150
52,Oliver,Batchelour,obatchelour6a@sun.com,Female,145.181.50.15
53,Candie,Batcock,cbatcockh2@mlb.com,Female,98.49.172.65
54,Jeniffer,Batey,jbatey1b@facebook.com,Female,41.75.210.26
55,Gar,Baxstar,gbaxstar5k@hibu.com,Female,45.234.40.192
56,Modestia,Bayfield,mbayfieldbb@fc2.com,Male,29.95.192.88
57,Boote,Beauchop,bbeauchopc7@bandcamp.com,Female,62.253.107.139
58,Jaimie,Beccles,jbeccles67@live.com,Male,55.245.112.150
59,Jakie,Becom,jbecom3a@meetup.com,Female,79.191.96.2
60,Godfree,Beddows,gbeddows5d@hibu.com,Male,123.30.107.242
61,Jesus,Bellefant,jbellefantj1@bloglovin.com,Female,210.166.118.178
62,Free,Bellows,fbellowskd@home.pl,Female,96.33.185.247
63,Dorian,Beneix,dbeneix7q@w3.org,Male,3.4.11.42
64,Rutter,Benford,rbenfordbv@google.com.br,Male,40.145.235.208
65,Shirlee,Bensley,sbensleydk@w3.org,Other,215.175.63.83
66,Sheppard,Benyon,sbenyonfl@techcrunch.com,Male,46.20.156.82
67,Daryle,Berrane,dberraneop@yale.edu,Male,199.137.242.73
68,Fania,Betteriss,fbetterissr6@printfriendly.com,Female,115.132.161.118
69,Case,Beushaw,cbeushaw98@seattletimes.com,Male,2.33.118.182
70,Cybil,Bevans,cbevansk6@wunderground.com,Female,149.182.33.246
71,Christalle,Biagioni,cbiagionie0@wordpress.org,Male,110.86.6.96
72,Eva,Bickerdike,ebickerdike4j@canalblog.com,Female,202.79.231.113
73,Susan,Bickers,sbickersgp@imageshack.us,Male,99.116.90.199
74,Ellsworth,Biddiss,ebiddissdu@deviantart.com,Male,11.238.9.20
75,Emelia,Biers,ebiers1v@hud.gov,Male,210.24.110.66
76,Tersina,Bigadike,tbigadike82@newyorker.com,Male,186.211.208.150
77,Moshe,Bigg,mbiggfa@hibu.com,Female,57.86.241.209
78,Bogart,Bikker,bbikkermf@bizjournals.com,Male,110.9.13.22
79,Lynn,Bikker,lbikkerbo@alexa.com,Female,22.221.181.3
80,Blinni,Bilbie,bbilbie1k@typepad.com,Female,31.35.147.99
81,Ravid,Bilbrooke,rbilbrookee8@usgs.gov,Female,246.190.233.187
82,Ophelia,Bindin,obindingc@nba.com,Female,221.252.51.194
83,Sophie,Birrane,sbirranee1@ow.ly,Male,15.143.24.9
84,Ernest,Bixley,ebixleyn7@house.gov,Male,18.20.195.141
85,Jeannette,Blabber,jblabber7o@diigo.com,Female,179.49.70.1
86,Jermain,Blasgen,jblasgenpp@opensource.org,Male,169.56.79.97
87,Talia,Blaszkiewicz,tblaszkiewiczrh@blogs.com,Other,85.149.22.241
88,Markos,Blazy,mblazyiz@tuttocitta.it,Male,244.39.127.219
89,Lefty,Bleier,lbleier8h@tinypic.com,Male,120.68.230.15
90,Putnem,Blewis,pblewis32@ftc.gov,Female,134.196.125.44
91,Fionnula,Blodgett,fblodgetti2@rambler.ru,Female,110.150.130.160
92,Mahmud,Bloor,mbloordt@home.pl,Male,215.122.159.166
93,Teodorico,Bockh,tbockhr5@berkeley.edu,Female,84.170.100.156
94,Amory,Bogart,abogart7c@geocities.jp,Female,232.115.130.202
95,Erminia,Bohlsen,ebohlsenhe@mac.com,Female,25.206.134.84
96,Marlon,Boissieux,mboissieux8b@t.co,Other,108.74.188.190
97,Zackariah,Bollum,zbollum2z@dropbox.com,Other,111.214.136.79
98,Walther,Bolus,wbolus68@webmd.com,Female,248.100.90.65
99,Patty,Bome,pbomecq@friendfeed.com,Male,152.52.66.156
100,Elora,Bonds,ebondshj@biglobe.ne.jp,Female,117.113.238.210
101,Lance,Bonniface,lbonnifacelu@vinaora.com,Male,111.197.223.5
102,Silvan,Booi,sbooijf@webeden.co.uk,Male,158.165.238.176
103,Megen,Boosey,mboosey3s@privacy.gov.au,Male,142.173.145.103
104,Tori,Border,tborder5g@chronoengine.com,Female,212.249.228.208
105,Bailey,Bortoletti,bbortolettimm@linkedin.com,Female,114.110.54.193
106,Vera,Bosenworth,vbosenworthg5@sakura.ne.jp,Female,213.115.124.178
107,Meta,Botterman,mbottermanp5@reverbnation.com,Male,69.117.220.23
108,Suzie,Bowers,sbowers61@163.com,Female,35.2.56.48
109,Lyell,Bowring,lbowring8q@springer.com,Female,184.116.201.123
110,Friederike,Boyack,fboyackow@virginia.edu,Female,101.255.151.250
111,Cathie,Bramhill,cbramhillhl@squidoo.com,Female,7.142.98.213
112,Jefferson,Branchflower,jbranchflower9i@friendfeed.com,Female,72.204.93.226
113,Teddy,Brandoni,tbrandonifx@sciencedaily.com,Male,213.170.69.6
114,Joletta,Brandsen,jbrandseng1@auda.org.au,Male,184.133.190.44
115,Grenville,Brecher,gbrecher49@shop-pro.jp,Male,228.77.64.48
116,Aretha,Briars,abriarsv@etsy.com,Female,211.6.198.160
117,Audry,Bride,abridelm@webmd.com,Female,231.209.90.76
118,Alonso,Bril,abrilh@rakuten.co.jp,Female,166.114.76.126
119,Latia,Brinklow,lbrinklowg9@facebook.com,Male,84.166.128.86
120,Brittan,Brittle,bbrittled@aol.com,Male,68.107.172.124
121,Aldric,Broxup,abroxup3y@baidu.com,Female,28.21.90.35
122,Nealon,Brozsset,nbrozsset88@dailymotion.com,Female,179.7.11.181
123,Magdaia,Bruckner,mbrucknerpt@trellian.com,Male,166.156.220.23
124,Pincas,Bruins,pbruinsnu@foxnews.com,Female,214.40.244.79
125,Bernetta,Brydson,bbrydsonpz@imgur.com,Female,237.196.76.233
126,Melisandra,Buncher,mbuncherhf@1und1.de,Male,31.223.55.50
127,Stephani,Bungey,sbungeylh@newsvine.com,Female,26.251.31.72
128,Pauletta,Bunson,pbunsono0@uol.com.br,Male,26.212.21.67
129,Linell,Burberry,lburberryfq@yolasite.com,Female,41.47.71.167
130,Flossy,Burdge,fburdgebg@quantcast.com,Female,169.115.194.181
131,Alberto,Burman,aburmanr1@statcounter.com,Male,144.186.26.202
132,Brooks,Burnapp,bburnapppk@wikia.com,Male,30.248.219.142
133,Bowie,Burnup,bburnuprq@mtv.com,Female,24.224.191.189
134,Genevieve,Burtenshaw,gburtenshawcl@spiegel.de,Other,233.177.205.244
135,Aubree,Busson,abussonb@networksolutions.com,Female,234.14.60.228
136,Nadya,Butlin,nbutlinlj@boston.com,Male,39.62.51.1
137,Aube,Buttfield,abuttfieldl3@naver.com,Male,225.187.226.253
138,Ivar,Byass,ibyassgu@loc.gov,Female,233.127.27.102
139,Stearne,Cabral,scabral8t@upenn.edu,Female,56.248.130.1
140,Byrle,Caig,bcaigjn@clickbank.net,Male,24.147.32.138
141,Ashien,Caldaro,acaldaro91@pbs.org,Male,80.137.22.123
142,Lynnell,Caldecott,lcaldecotte9@symantec.com,Female,158.200.254.82
143,Cordelie,Calder,ccaldergw@bandcamp.com,Male,143.137.188.247
144,Ailsun,Calderhead,acalderhead8p@gnu.org,Female,83.153.168.7
145,Nada,Caltun,ncaltun6h@delicious.com,Female,6.231.245.155
146,Meghann,Cancelier,mcancelier6l@cyberchimps.com,Other,254.115.58.91
147,Ethelin,Cappel,ecappel66@sciencedirect.com,Male,15.5.252.170
148,Bram,Carabine,bcarabinepe@wordpress.com,Male,35.135.75.203
149,Pren,Carlesso,pcarlesso4p@wikispaces.com,Female,188.98.215.108
150,Hayyim,Carlin,hcarlin6v@addtoany.com,Other,65.60.227.208
151,Ervin,Cars,ecarsa4@nymag.com,Female,27.172.223.197
152,Jacky,Cashmore,jcashmore9z@pbs.org,Female,95.235.89.30
153,Kile,Caslett,kcaslett2y@typepad.com,Male,88.134.98.0
154,Jorge,Castleman,jcastlemanfw@mlb.com,Male,120.168.239.39
155,Ferguson,Castletine,fcastletinenc@businesswire.com,Female,233.223.228.143
156,Breena,Catto,bcattoo5@nymag.com,Male,14.185.239.119
157,Georgia,Cavie,gcavieod@usatoday.com,Male,74.164.199.113
158,Monika,Chapiro,mchapiro7v@nationalgeographic.com,Female,218.232.98.141
159,Cully,Chaplain,cchaplain9e@indiegogo.com,Female,151.130.64.201
160,Fayina,Charity,fcharitydo@mapy.cz,Male,165.78.131.140
161,Clevey,Chasmar,cchasmarrb@simplemachines.org,Female,78.236.205.127
162,Farr,Cheetam,fcheetamec@sun.com,Male,58.104.19.49
163,Aaren,Cheshir,acheshiri4@google.fr,Male,17.191.122.225
164,Clemens,Chilvers,cchilversed@sbwire.com,Female,55.69.100.165
165,Bernie,Chinery,bchinery2s@webs.com,Male,132.79.30.70
166,Zedekiah,Chorlton,zchorltonrd@fema.gov,Female,16.22.187.92
167,Jillene,Choules,jchoules77@oakley.com,Other,242.185.237.89
168,Giacopo,Chrippes,gchrippesrn@wix.com,Female,159.156.225.109
169,Kirstin,Christopher,kchristophercs@cnet.com,Male,16.35.207.226
170,Brunhilda,Cicchelli,bcicchelliaw@angelfire.com,Female,1.122.32.165
171,Ax,Clamp,aclamp8o@gravatar.com,Male,182.7.53.23
172,Noni,Clardge,nclardge4r@wufoo.com,Male,176.188.225.200
173,Julio,Clayden,jclayden7w@ucoz.com,Other,3.109.158.63
174,Harley,Clemon,hclemon4y@dailymail.co.uk,Female,55.211.165.83
175,Flem,Clerke,fclerkeb3@who.int,Other,126.231.123.166
176,Phelia,Close,pcloseia@soup.io,Male,173.108.236.82
177,Hartley,Clutheram,hclutherami0@statcounter.com,Male,117.114.146.113
178,Clare,Cochet,ccochet52@jigsy.com,Male,51.235.43.59
179,Katerina,Cockerham,kcockerham1u@diigo.com,Female,107.119.110.180
180,Ainslie,Cockley,acockleymy@latimes.com,Female,165.144.200.134
181,Melva,Cockram,mcockramo@umn.edu,Female,237.119.9.134
182,Arin,Cokayne,acokayneqf@tiny.cc,Male,196.162.47.79
183,Marcile,Coldrick,mcoldrick4o@tripod.com,Male,188.172.158.108
184,Susann,Collick,scollickrp@statcounter.com,Male,104.115.29.147
185,Kean,Collins,kcollins7u@jimdo.com,Female,24.184.236.145
186,Dorrie,Collis,dcollis2e@vimeo.com,Male,221.86.175.87
187,Courtney,Compson,ccompsonle@time.com,Female,234.161.30.86
188,Allsun,Coneau,aconeau9a@homestead.com,Female,143.200.191.57
189,Wes,Conradsen,wconradsenpn@domainmarket.com,Female,156.12.206.66
190,Benson,Cool,bcool81@paginegialle.it,Female,59.48.111.240
191,Blithe,Copnar,bcopnarn3@yahoo.com,Female,9.185.157.91
192,Gregoire,Cordero,gcorderoc3@nyu.edu,Male,253.122.25.250
193,Dov,Cordery,dcordery38@jimdo.com,Female,54.179.116.132
194,Artur,Corneille,acorneille3e@rakuten.co.jp,Male,119.159.189.207
195,Joceline,Cornelius,jcorneliuskc@free.fr,Female,221.46.245.253
196,Calvin,Corps,ccorps2o@archive.org,Other,122.44.183.127
197,Ned,Corthes,ncorthes4l@jalbum.net,Male,82.139.18.200
198,Brunhilde,Cossentine,bcossentine4@geocities.jp,Female,193.198.15.87
199,Arlana,Costall,acostalldy@youtube.com,Female,237.144.23.151
200,Sancho,Cottey,scotteyhm@dailymotion.com,Female,9.245.150.102
201,Bob,Coules,bcoulesgq@state.tx.us,Other,145.146.7.68
202,Luz,Coultard,lcoultardee@hibu.com,Male,45.162.153.24
203,Jill,Courtonne,jcourtonneok@de.vu,Male,251.164.1.50
204,Dagmar,Cowle,dcowlel2@ebay.co.uk,Male,217.229.226.3
205,Bird,Cracker,bcrackerdq@godaddy.com,Male,128.213.23.188
206,Giacobo,Cragoe,gcragoeqq@sina.com.cn,Male,7.149.179.170
207,Gaspard,Craigmile,gcraigmile1a@ebay.co.uk,Female,10.115.61.38
208,Lu,Cranidge,lcranidgemq@wordpress.com,Male,99.214.169.64
209,Hillier,Crann,hcrannbh@sciencedirect.com,Female,112.121.126.93
210,Loralyn,Cranson,lcranson16@marriott.com,Female,212.197.54.62
211,Emalia,Creeghan,ecreeghan75@netscape.com,Female,88.120.54.50
212,Barrie,Crichmer,bcrichmerh8@symantec.com,Female,159.180.75.79
213,Cos,Crimes,ccrimes70@shop-pro.jp,Other,20.47.34.139
214,Lenci,Cristofol,lcristofoloo@gravatar.com,Male,28.202.162.202
215,Rozalie,Cristofvao,rcristofvao9p@unblog.fr,Male,123.189.205.127
216,Natividad,Crosi,ncrosi64@earthlink.net,Male,46.1.111.148
217,Hetty,Cruikshank,hcruikshanknr@home.pl,Female,44.13.227.34
218,Christoph,Crumley,ccrumley89@adobe.com,Female,189.56.62.58
219,Nicholle,Cruxton,ncruxtonof@buzzfeed.com,Male,53.46.178.181
220,Mirabelle,Cubbinelli,mcubbinellipg@tamu.edu,Male,29.248.243.134
221,Archer,Cubbit,acubbity@cyberchimps.com,Male,238.190.152.16
222,Sancho,Cuffe,scuffelk@yellowbook.com,Female,65.83.149.13
223,Arliene,Curl,acurlqm@weibo.com,Male,122.205.198.54
224,Myra,Curnick,mcurnicko2@hud.gov,Other,66.114.100.213
225,Beryl,D'Costa,bdcostago@163.com,Female,140.253.45.28
226,Caril,Dackombe,cdackombeoq@storify.com,Male,251.19.37.158
227,Constance,Dalrymple,cdalrymplegr@pagesperso-orange.fr,Other,103.111.189.242
228,Gale,Daly,gdaly3w@vinaora.com,Other,162.123.47.34
229,Alia,Dampier,adampierq3@reddit.com,Male,30.187.33.39
230,Teressa,Danovich,tdanovichew@jiathis.com,Female,213.59.230.113
231,Margarethe,Dansie,mdansie3q@businessinsider.com,Female,199.240.68.128
232,Shanda,Dart,sdart62@blinklist.com,Female,95.129.183.228
233,Myrtle,Daspar,mdaspar6c@upenn.edu,Female,96.203.247.63
234,Stormy,Daville,sdavillej@wp.com,Other,20.164.202.5
235,Elnar,Davison,edavisonfp@amazonaws.com,Male,8.134.176.126
236,Luca,Davys,ldavys31@google.nl,Male,197.61.44.32
237,Westleigh,Dawidowicz,wdawidowicz36@google.co.jp,Male,197.167.90.9
238,Kristofer,De Biaggi,kdebiaggi8v@istockphoto.com,Female,117.123.39.45
239,Farleigh,De Domenico,fdedomenico4a@oakley.com,Male,36.45.97.41
240,Jessica,De Francesco,jdefrancesco43@pinterest.com,Female,124.149.12.49
241,Brandtr,De Freyne,bdefreyneqn@cmu.edu,Male,252.107.63.130
242,Aggie,De Hooch,adehooch8i@free.fr,Male,125.51.171.0
243,Preston,De Meis,pdemeis1s@hugedomains.com,Male,123.84.207.245
244,Chevy,de Quincey,cdequincey5p@smh.com.au,Other,162.79.143.102
245,Fernanda,De Simoni,fdesimonil8@upenn.edu,Other,52.64.103.26
246,Courtenay,De Souza,cdesouzahp@ftc.gov,Female,126.248.172.156
247,Jodie,Dealey,jdealey2m@google.co.jp,Other,173.45.124.42
248,Gallard,Dearden,gdearden47@vk.com,Other,124.230.145.82
249,Lotti,Dedden,ldeddenou@nature.com,Male,90.128.176.186
250,Saree,Delepine,sdelepinea8@smugmug.com,Male,231.174.104.146
251,Findlay,Delete,fdeleteo4@foxnews.com,Male,216.196.218.199
252,Eric,Delwater,edelwaterl0@cmu.edu,Female,239.222.33.87
253,Chaddy,Demanche,cdemanche14@printfriendly.com,Female,83.212.28.237
254,Shalne,Denerley,sdenerleyo6@bluehost.com,Male,117.133.62.66
255,Israel,Denyagin,idenyaginrj@ca.gov,Male,241.114.190.100
256,Deonne,Desforges,ddesforgesa6@jigsy.com,Male,166.92.251.129
257,Neila,Deuss,ndeussgv@reuters.com,Female,112.72.224.76
258,Grantley,Dewer,gdewerlb@1und1.de,Male,82.188.101.115
259,Evanne,Diben,edibenat@wikimedia.org,Male,192.32.46.77
260,Claudine,Dienes,cdieneslv@myspace.com,Other,193.115.134.29
261,Nestor,Dillingham,ndillingham7a@buzzfeed.com,Female,89.182.37.98
262,Flynn,Doidge,fdoidgepf@gizmodo.com,Male,95.179.74.191
263,Essa,Doidge,edoidgea3@buzzfeed.com,Female,174.136.218.99
264,Sayers,Domengue,sdomengueqi@springer.com,Female,172.232.182.138
265,Norris,Donnersberg,ndonnersberg5n@uiuc.edu,Male,162.124.81.198
266,Marcelo,Down,mdowndn@europa.eu,Male,85.219.195.40
267,Gib,Downham,gdownhamng@admin.ch,Male,67.247.206.119
268,Linn,Dowthwaite,ldowthwaiteic@naver.com,Female,14.89.208.68
269,Georgeanna,Draisey,gdraisey1@printfriendly.com,Female,149.200.227.181
270,Dionne,Draper,ddraper18@ucoz.ru,Male,20.57.26.38
271,Brina,Dresse,bdresselw@amazon.co.jp,Male,168.167.91.59
272,Noelle,Drew,ndrew90@tinyurl.com,Female,110.54.25.133
273,Blaine,Drewitt,bdrewittj8@usnews.com,Male,243.48.94.78
274,Melvyn,Drinkall,mdrinkall5s@rediff.com,Male,77.197.49.186
275,Roderick,Drinkhall,rdrinkhallfi@twitter.com,Male,124.65.98.121
276,Inger,Drohane,idrohanejb@nsw.gov.au,Other,233.190.3.30
277,Beverly,Druhan,bdruhan6g@edublogs.org,Female,49.177.200.143
278,Sven,Duddle,sduddleig@dell.com,Male,96.127.246.122
279,Lynne,Duffil,lduffili7@dropbox.com,Female,17.51.215.190
280,Reiko,Dumingos,rdumingoshd@exblog.jp,Male,255.123.226.40
281,Lucien,Duncklee,lduncklee5v@issuu.com,Male,189.203.233.159
282,Eudora,Dunham,edunham57@ibm.com,Male,169.136.231.69
283,Krysta,Durgan,kdurganf5@cbc.ca,Female,188.229.17.201
284,Heloise,Durling,hdurlingdl@globo.com,Female,243.67.244.204
285,Zane,Durning,zdurningp8@lulu.com,Male,107.145.153.146
286,Lionello,Dybbe,ldybben@netlog.com,Male,161.237.74.126
287,Wren,Dymocke,wdymockeke@xinhuanet.com,Male,24.234.181.70
288,Queenie,Dyne,qdyne0@reverbnation.com,Female,84.81.86.81
289,Idell,Ead,ieadl@deviantart.com,Other,244.101.32.249
290,Emmerich,Earey,eeareyhw@printfriendly.com,Female,237.167.138.19
291,Adolphe,Eatherton,aeathertonh5@123-reg.co.uk,Male,196.167.103.223
292,Granthem,Ebbage,gebbagebe@sina.com.cn,Female,137.82.56.187
293,Ettore,Ebbett,eebbettpo@cdbaby.com,Female,81.82.72.245
294,Adelaide,Eccleshare,aeccleshareq1@ihg.com,Female,174.121.122.122
295,Staci,Edbrooke,sedbrooke1c@amazon.com,Male,225.70.147.67
296,Joel,Edger,jedgercg@jiathis.com,Male,110.143.94.209
297,Dawn,Edie,dediedg@aboutads.info,Male,139.129.115.145
298,Jere,Edlington,jedlingtonnk@shutterfly.com,Female,67.106.108.58
299,Kinna,Edmead,kedmeadmw@exblog.jp,Male,205.70.214.225
300,Shaylyn,Edwardson,sedwardsonmi@spiegel.de,Female,58.178.75.65
301,Diahann,Ekins,dekins7h@vkontakte.ru,Male,235.204.62.47
302,Saleem,Elam,selameq@trellian.com,Female,146.206.239.110
303,Philippine,Eldritt,peldrittiu@theguardian.com,Other,252.164.48.199
304,Cathlene,Elphinston,celphinstonre@samsung.com,Other,248.83.235.47
305,Melisent,Elsop,melsopfb@google.es,Male,96.139.35.244
306,Kimmy,Emerson,kemersonp2@51.la,Female,201.250.160.61
307,Desdemona,Emma,demma5u@theguardian.com,Female,131.185.138.73
308,Adelaide,Emslie,aemslieqs@psu.edu,Female,7.0.147.24
309,Frederich,Enrdigo,fenrdigo76@ocn.ne.jp,Male,196.248.20.142
310,Sasha,Enright,senrightg0@desdev.cn,Male,230.55.4.232
311,Vidovik,Epton,veptonbx@tmall.com,Female,106.121.50.104
312,Torey,Ericssen,tericssenak@goodreads.com,Female,45.225.89.35
313,Ethyl,Eschalette,eeschalettep9@huffingtonpost.com,Male,43.49.139.59
314,Dickie,Espadas,despadasm@upenn.edu,Female,172.50.207.80
315,Lucius,Espinosa,lespinosa13@reuters.com,Female,65.82.184.93
316,Osmund,Estevez,oestevezo3@vk.com,Male,186.116.5.192
317,Abagail,Eustanch,aeustanchoi@ucla.edu,Male,224.111.181.138
318,Clint,Eversfield,ceversfieldeb@wp.com,Male,53.154.82.135
319,Teddy,Evison,tevisono1@flavors.me,Other,123.217.110.208
320,Anderson,Eynald,aeynald3c@xrea.com,Male,224.16.235.115
321,Allx,Faiers,afaiershz@umn.edu,Female,166.185.242.164
322,Christos,Fairham,cfairhamay@indiegogo.com,Male,1.211.168.199
323,Desiree,Fairholm,dfairholmgm@t.co,Female,220.95.179.163
324,Ashia,Fance,afancek2@4shared.com,Female,223.0.156.87
325,Josh,Farguhar,jfarguharei@wordpress.com,Male,70.250.121.78
326,Maisie,Farnall,mfarnall6r@uiuc.edu,Male,244.136.89.32
327,Ettie,Farndon,efarndon7i@macromedia.com,Male,24.167.101.231
328,Thacher,Farrier,tfarrierm6@behance.net,Female,142.40.186.236
329,Robenia,Fearnehough,rfearnehoughmg@uiuc.edu,Male,8.41.77.171
330,Tildie,Feben,tfebenn6@latimes.com,Male,122.61.179.69
331,Francis,Feehely,ffeehelybd@deviantart.com,Male,66.143.243.38
332,Blancha,Feilden,bfeildenhc@godaddy.com,Male,141.148.120.161
333,Danni,Feldmesser,dfeldmessergf@businessweek.com,Female,201.110.248.24
334,Dianemarie,Fellona,dfellonaoj@toplist.cz,Female,231.12.167.154
335,Sigvard,Fernan,sfernanqd@dailymail.co.uk,Other,172.237.141.126
336,Clareta,Fernando,cfernando2c@wisc.edu,Female,178.21.161.155
337,Udall,Fernehough,ufernehoughkx@ocn.ne.jp,Female,210.176.102.219
338,Allx,Fero,afero4z@yahoo.co.jp,Other,208.175.249.137
339,Findlay,Ferrelli,fferrellij4@domainmarket.com,Female,207.30.102.248
340,Ainslee,Fessler,afesslerhq@shinystat.com,Female,22.244.45.46
341,Ogdon,Fewings,ofewings7e@github.io,Male,136.234.169.68
342,Lilllie,Ffoulkes,lffoulkespy@nature.com,Male,234.153.195.247
343,Anthea,Fickling,aficklingad@alibaba.com,Female,48.215.240.85
344,Arlette,Fickling,afickling9g@nyu.edu,Female,18.160.238.102
345,Maire,Finby,mfinbyir@kickstarter.com,Other,151.1.139.8
346,Crystie,Finlason,cfinlasont@quantcast.com,Female,97.211.164.208
347,Donn,Flageul,dflageulkn@jalbum.net,Female,78.9.254.68
348,Rebecca,Flattman,rflattmancf@arizona.edu,Female,152.3.28.203
349,Rhianna,Flockhart,rflockhartcz@dropbox.com,Female,114.26.18.137
350,Urbano,Flode,uflode7p@scribd.com,Female,24.23.228.2
351,Minni,Folland,mfolland8w@spotify.com,Female,166.191.241.15
352,Raddy,Follos,rfollosae@icq.com,Female,214.85.167.26
353,Jule,Fores,jforesey@soup.io,Male,247.127.37.236
354,Urbanus,Forsythe,uforsythe7m@google.ru,Female,65.240.61.51
355,Quinta,Fotherby,qfotherbymd@umich.edu,Female,143.26.139.82
356,Elroy,Fourman,efourman74@cafepress.com,Male,197.241.238.29
357,Langston,Fradson,lfradsonj6@t.co,Male,248.106.158.34
358,Laurie,Franzelini,lfranzelini58@irs.gov,Other,42.2.184.15
359,Noble,Freyne,nfreynelp@vimeo.com,Female,26.226.63.23
360,Stan,Fright,sfrightli@oakley.com,Female,47.119.224.34
361,Lyndy,Fulford,lfulfordka@addtoany.com,Female,69.226.111.235
362,George,Furtado,gfurtadob9@sitemeter.com,Male,33.163.129.47
363,Rozina,Fussie,rfussiehi@microsoft.com,Male,100.7.114.81
364,Reinhard,Gabbidon,rgabbidonfy@sina.com.cn,Other,63.74.99.226
365,Carlene,Gailor,cgailorr4@redcross.org,Other,30.196.43.224
366,Rhonda,Gamell,rgamelldf@deviantart.com,Female,235.203.34.251
367,Carolyn,Ganders,cgandersor@zimbio.com,Female,55.85.136.106
368,Dallon,Gask,dgaskgz@engadget.com,Male,35.72.206.131
369,Irma,Geekie,igeekiemc@pen.io,Male,75.124.125.147
370,Wash,Geere,wgeerebs@unc.edu,Male,29.166.3.181
371,Gabie,Geill,ggeillll@princeton.edu,Female,79.206.251.152
372,Ambrose,Gelder,agelder6i@surveymonkey.com,Female,237.226.250.127
373,Rustie,Gerhts,rgerhtsck@umn.edu,Female,130.20.96.246
374,Alistair,Gerretsen,agerretsenqw@scribd.com,Female,56.221.76.253
375,Noni,Giacopini,ngiacopini5e@mediafire.com,Female,130.27.171.226
376,Jerri,Giacubbo,jgiacubbold@biblegateway.com,Female,27.23.8.2
377,Melly,Gibbeson,mgibbeson23@webeden.co.uk,Female,58.185.223.106
378,Anissa,Gibbonson,agibbonsonk8@mayoclinic.com,Male,139.208.76.10
379,Beatrice,Giddens,bgiddenskk@github.io,Male,168.154.86.45
380,Max,Gilberthorpe,mgilberthorpeqt@edublogs.org,Male,129.111.137.63
381,Chase,Gildersleaves,cgildersleaveskq@ustream.tv,Female,211.37.135.8
382,Diahann,Gillon,dgillon2h@huffingtonpost.com,Other,170.238.79.98
383,Vassili,Gilston,vgilstonma@biblegateway.com,Female,219.36.52.143
384,Sandie,Ginnally,sginnallyph@unesco.org,Male,98.168.53.74
385,Val,Giovannilli,vgiovannilli94@g.co,Female,202.169.155.150
386,Mavra,Gipp,mgipp79@feedburner.com,Female,21.51.199.167
387,Zuzana,Girtin,zgirting6@walmart.com,Female,140.80.18.147
388,Linette,Girvan,lgirvanpv@odnoklassniki.ru,Female,114.230.84.41
389,Kissie,Gligori,kgligoriqy@simplemachines.org,Female,180.138.22.61
390,Aldis,Goldney,agoldney7l@imageshack.us,Male,151.9.139.248
391,Melloney,Gonzalo,mgonzaloam@mlb.com,Male,92.96.181.55
392,Jolyn,Gooderson,jgoodersonjg@kickstarter.com,Other,79.225.160.241
393,Catharine,Goodnow,cgoodnow9n@bandcamp.com,Female,45.31.166.11
394,Conny,Goodrick,cgoodrickcc@clickbank.net,Male,108.72.27.180
395,Gay,Gordon-Giles,ggordongiles8@csmonitor.com,Male,123.150.9.213
396,Yorgos,Gosnold,ygosnold7f@apple.com,Female,124.115.57.89
397,Yehudi,Gottelier,ygottelier2@e-recht24.de,Female,108.74.155.65
398,Veradis,Goude,vgoudegk@reddit.com,Female,48.173.189.92
399,Chancey,Gouinlock,cgouinlock33@phoca.cz,Male,114.61.140.122
400,Cordelie,Govan,cgovan73@discuz.net,Female,45.110.48.197
401,Ward,Grabb,wgrabb6p@bigcartel.com,Female,210.234.178.58
402,Guido,Grand,ggrandal@goo.gl,Male,62.225.226.197
403,Sharl,Greendale,sgreendale2u@psu.edu,Male,17.255.227.189
404,Rosanna,Greenin,rgreenin3p@icio.us,Female,207.150.99.215
405,Dougie,Greenlees,dgreenleesju@nationalgeographic.com,Female,224.144.48.23
406,Maynord,Greenwood,mgreenwood8u@google.co.jp,Female,229.217.111.252
407,Ella,Gregh,egreghkv@google.cn,Male,153.103.215.78
408,Cyndi,Gregoli,cgregoli50@cnet.com,Female,67.198.190.150
409,Bil,Gregori,bgregoril5@wiley.com,Male,10.74.12.255
410,Olenolin,Greson,ogreson4k@oakley.com,Male,178.80.245.91
411,Rufus,Grieve,rgrieveio@who.int,Female,17.22.157.55
412,Dino,Grimditch,dgrimditch27@usnews.com,Female,223.193.153.30
413,Minta,Grinston,mgrinston45@cnn.com,Male,164.27.235.197
414,Barbara-anne,Gristwood,bgristwoodrf@wix.com,Female,162.88.169.48
415,Wesley,Groomebridge,wgroomebridgelo@ustream.tv,Male,49.53.187.84
416,Julee,Gross,jgrossf4@angelfire.com,Male,160.46.115.253
417,Orella,Growy,ogrowy7j@angelfire.com,Male,57.194.186.201
418,Elna,Grundey,egrundeyd2@smugmug.com,Other,195.18.161.136
419,Remus,Grunnell,rgrunnellnm@reverbnation.com,Male,83.237.173.145
420,Francis,Guerola,fguerola9s@salon.com,Male,156.89.22.51
421,Erina,Gullyes,egullyes9l@sphinn.com,Female,224.40.112.60
422,Napoleon,Gummie,ngummie4i@t-online.de,Male,51.54.90.80
423,Windham,Gwyllt,wgwylltko@icq.com,Female,251.51.84.101
424,Chanda,Haberfield,chaberfield5x@yellowpages.com,Female,41.230.140.107
425,Gerri,Haddock,ghaddockn5@techcrunch.com,Female,243.5.173.93
426,Irena,Hallock,ihallock1g@google.es,Other,218.244.126.215
427,Bernardine,Handrik,bhandriknv@unesco.org,Male,142.200.227.153
428,Delila,Hanes,dhanes4w@howstuffworks.com,Male,168.4.196.178
429,Melina,Hankin,mhankinml@nyu.edu,Female,8.22.65.164
430,Deedee,Hannabus,dhannabushy@chicagotribune.com,Male,179.246.216.139
431,Emory,Hanney,ehanneyn8@hc360.com,Female,208.83.2.57
432,Harland,Hannigan,hhanniganqu@goo.gl,Female,155.149.117.185
433,Tami,Hansard,thansard26@mlb.com,Male,232.128.125.64
434,Kenyon,Harbage,kharbagelr@ovh.net,Other,6.148.132.25
435,Shaun,Hards,shardsht@theglobeandmail.com,Male,222.128.3.230
436,Chaim,Harower,charowerjt@cbc.ca,Female,43.78.96.77
437,Cecile,Harp,charp9@cisco.com,Female,189.2.185.196
438,Lindsey,Harring,lharring5q@wordpress.com,Male,141.113.101.167
439,Lyn,Haugh,lhaughjw@latimes.com,Other,154.251.107.224
440,Roslyn,Hayth,rhaythf0@ebay.co.uk,Male,175.116.220.121
441,Nickolas,Haythornthwaite,nhaythornthwaitedd@google.com,Female,178.40.199.210
442,Irvine,Heart,iheart9t@mozilla.com,Male,186.128.19.162
443,Amii,Hebblethwaite,ahebblethwaite65@oracle.com,Male,208.178.159.119
444,Odie,Heersema,oheersemaoe@hibu.com,Female,149.69.190.47
445,Kev,Hegge,khegge69@amazon.de,Male,144.118.103.123
446,Morissa,Hellcat,mhellcatpx@census.gov,Female,235.91.167.225
447,Leonerd,Hempel,lhempeld8@illinois.edu,Male,62.243.248.233
448,Alisander,Hewins,ahewins6s@yandex.ru,Other,116.13.143.153
449,Launce,Higbin,lhigbin8r@apache.org,Male,86.11.33.34
450,Callie,Hilliam,chilliamao@posterous.com,Male,137.42.96.85
451,Shaylah,Hollyland,shollylandgy@hao123.com,Female,122.89.183.234
452,Eachelle,Holson,eholsonc4@dmoz.org,Female,194.122.183.102
453,Fielding,Horry,fhorryji@intel.com,Other,44.72.75.207
454,Penn,Horsell,phorselld4@bbc.co.uk,Male,204.185.84.124
455,Dixie,Housley,dhousleyb4@census.gov,Female,152.199.250.127
456,Broderic,Huddle,bhuddlej7@zdnet.com,Female,252.47.154.249
457,Johnath,Huetson,jhuetsona0@taobao.com,Other,75.43.160.143
458,Darda,Huett,dhuettq5@msu.edu,Male,26.171.223.172
459,Griswold,Huie,ghuieca@privacy.gov.au,Male,171.128.208.222
460,Riannon,Hulett,rhulettg@economist.com,Female,214.167.99.89
461,Priscilla,Hullyer,phullyerdh@zdnet.com,Male,224.6.122.208
462,Eadie,Humburton,ehumburton6w@themeforest.net,Female,157.212.173.252
463,Irita,Hundley,ihundley2r@cisco.com,Female,47.170.162.210
464,Madelina,Hyam,mhyamac@webmd.com,Male,55.105.174.86
465,Benoite,Ianinotti,bianinotti12@typepad.com,Male,14.49.6.230
466,Franky,Impey,fimpeydv@un.org,Male,159.141.113.10
467,Idalia,Ingree,iingree97@mapy.cz,Other,151.187.111.236
468,Clark,Inkpen,cinkpenj0@posterous.com,Male,252.219.111.50
469,Cybill,Irdale,cirdalepc@mashable.com,Male,66.87.91.192
470,Max,Isted,misted9y@angelfire.com,Male,235.228.142.234
471,Nichols,Itzkin,nitzkin34@hibu.com,Male,180.20.36.110
472,Shawn,Ivakhno,sivakhnoc1@craigslist.org,Male,134.215.182.193
473,Donni,Ivanishchev,divanishchevem@nasa.gov,Female,124.235.221.86
474,Erda,Ivankin,eivankin5h@mysql.com,Female,147.242.187.223
475,Bourke,Iwanowski,biwanowski3t@indiatimes.com,Female,148.63.122.39
476,Salome,Izakov,sizakovr@google.ru,Female,94.166.224.58
477,Roselia,Jack,rjackbu@domainmarket.com,Female,36.19.2.126
478,Jamie,Jacketts,jjackettsa9@scribd.com,Female,43.139.186.107
479,Padraig,Jacks,pjacks8a@tiny.cc,Female,105.159.3.1
480,Nerti,Jacquemy,njacquemy6b@cornell.edu,Female,13.70.240.136
481,Val,Jagielski,vjagielski8j@multiply.com,Male,21.38.141.216
482,Reade,Jahnke,rjahnkemb@tumblr.com,Female,211.190.120.203
483,Lydia,Jako,ljakocw@fema.gov,Male,0.144.240.212
484,Erik,Jameson,ejamesono7@google.es,Male,133.240.133.175
485,Peria,Jamme,pjammehk@census.gov,Other,56.243.220.211
486,Sergeant,Jancic,sjancic83@businesswire.com,Female,124.191.140.172
487,Sam,Janczak,sjanczakfz@jiathis.com,Male,100.140.22.146
488,Shelagh,Janda,sjanda9w@goo.ne.jp,Male,99.157.127.84
489,Myca,Jane,mjane11@ameblo.jp,Male,239.145.73.200
490,Reynold,Janew,rjanewde@sina.com.cn,Male,228.65.0.9
491,Lolita,Janicijevic,ljanicijevicqk@github.io,Male,193.47.113.53
492,Jerrine,Janssens,jjanssens25@amazon.de,Male,241.93.53.131
493,Gerta,Jaouen,gjaouenja@opensource.org,Male,220.93.35.189
494,Olympia,Jarlmann,ojarlmannen@instagram.com,Female,203.179.36.190
495,Norean,Jarret,njarret9k@barnesandnoble.com,Other,7.78.179.167
496,Evan,Jemmison,ejemmisonhv@hud.gov,Male,19.33.51.227
497,Hattie,Jendrassik,hjendrassikqc@comcast.net,Female,221.40.225.116
498,Issiah,Jennery,ijenneryb0@ezinearticles.com,Female,151.50.85.65
499,Farica,Jerrold,fjerroldjp@slideshare.net,Other,18.101.177.140
500,Iona,Jestico,ijesticodw@purevolume.com,Female,194.155.194.5
501,Amy,Jewers,ajewers86@symantec.com,Male,32.202.237.208
502,Titus,Jiruca,tjirucakb@w3.org,Male,149.116.202.66
503,Jeanette,Jodkowski,jjodkowskibi@upenn.edu,Female,117.47.192.50
504,Cathyleen,Joscelin,cjoscelinj3@is.gd,Male,38.176.228.55
505,Glyn,Jostan,gjostana7@nbcnews.com,Male,65.21.231.213
506,Vivyanne,Jurn,vjurn2x@kickstarter.com,Male,18.46.246.246
507,Leo,Kadar,lkadarev@blog.com,Male,215.179.226.214
508,Valentina,Kapelhoff,vkapelhoffl7@tiny.cc,Male,187.196.203.3
509,Rodolph,Karpov,rkarpovgn@umn.edu,Male,112.89.194.166
510,Herta,Kaspar,hkaspar30@shop-pro.jp,Female,144.24.177.103
511,Alfreda,Kave,akaveel@typepad.com,Female,136.110.65.79
512,Madelina,Kay,mkay7s@csmonitor.com,Male,118.180.214.107
513,Mitchell,Kellet,mkelletnz@photobucket.com,Female,116.64.69.87
514,Celisse,Kelson,ckelsonmk@bizjournals.com,Female,25.253.163.127
515,Ruthy,Kennan,rkennanch@cbsnews.com,Male,104.39.67.188
516,Ambros,Kenwyn,akenwynij@hhs.gov,Male,69.227.85.98
517,Shani,Kersting,skerstingh0@nih.gov,Male,39.213.37.113
518,Willi,Keward,wkeward7t@disqus.com,Other,225.85.177.0
519,Morley,Keys,mkeysny@arstechnica.com,Female,0.28.189.215
520,Godfry,Kiellor,gkiellorbn@ftc.gov,Male,97.55.102.148
521,Saraann,Killbey,skillbeyni@globo.com,Female,115.167.111.236
522,Gabriellia,Kingsman,gkingsman8d@stumbleupon.com,Male,204.206.91.171
523,Elora,Kingsnode,ekingsnodedp@wisc.edu,Female,194.235.207.222
524,Danna,Kinningley,dkinningleyob@edublogs.org,Male,145.193.146.2
525,Jacobo,Kinzett,jkinzettoy@guardian.co.uk,Female,78.19.254.77
526,Netti,Kirkland,nkirklandai@nba.com,Male,127.142.94.33
527,Garth,Kirwin,gkirwin2q@fastcompany.com,Other,135.35.94.193
528,Traver,Kitching,tkitchinggh@a8.net,Female,157.46.251.181
529,Michell,Kitley,mkitley3b@xrea.com,Female,144.184.10.89
530,Ignacius,Kix,ikixmn@archive.org,Female,156.133.75.213
531,Eddie,Klaussen,eklaussen9h@fastcompany.com,Female,138.176.139.176
532,Andrus,Klezmski,aklezmskil6@multiply.com,Male,203.87.17.121
533,Everard,Klosges,eklosgesez@adobe.com,Female,173.92.171.196
534,Arlen,Knaggs,aknaggs2i@sina.com.cn,Male,218.192.108.174
535,Nikos,Kobierski,nkobierskic8@walmart.com,Other,160.117.235.68
536,Faun,Koeppe,fkoeppecj@google.fr,Male,144.111.214.60
537,Katharyn,Kohnemann,kkohnemannfk@amazon.co.uk,Female,96.235.70.176
538,Elena,Kohrding,ekohrding48@sbwire.com,Female,75.54.249.176
539,Francisco,Kondratowicz,fkondratowicz55@last.fm,Male,114.227.195.96
540,Chantalle,Korn,ckornco@storify.com,Female,17.206.112.65
541,Linus,Kornes,lkornesfe@alexa.com,Male,232.126.219.194
542,Tobey,Kornyakov,tkornyakovmz@va.gov,Female,227.208.254.233
543,Jaquith,Krzyzowski,jkrzyzowskid7@about.com,Female,37.77.95.33
544,Emmeline,Label,elabelby@oaic.gov.au,Male,163.44.92.28
545,Jaquenetta,Lacoste,jlacosteoa@npr.org,Female,223.55.236.247
546,Dion,Laimable,dlaimablejl@studiopress.com,Female,202.161.192.167
547,Nola,Laise,nlaisejo@rambler.ru,Male,140.6.234.112
548,Rorke,Lamers,rlamersm1@webmd.com,Female,138.32.105.130
549,Reeba,Lammie,rlammieav@washington.edu,Male,210.237.117.118
550,Corilla,Landrean,clandrean8l@intel.com,Female,40.80.30.110
551,Karon,Langstaff,klangstaff40@cloudflare.com,Male,218.40.84.87
552,Hanan,Larchiere,hlarchiereks@tinyurl.com,Female,131.202.154.108
553,Ericka,Larmuth,elarmuth7d@nydailynews.com,Male,179.203.231.111
554,Deane,Larrie,dlarriepu@narod.ru,Female,101.36.229.10
555,Robyn,Latchford,rlatchfordnt@woothemes.com,Male,223.7.181.2
556,Silvester,Lathwood,slathwood1z@adobe.com,Male,75.101.86.37
557,Jae,Latour,jlatour17@cloudflare.com,Male,190.192.207.9
558,Georgianne,Lauga,glaugak5@state.tx.us,Male,50.189.130.218
559,Merrily,Le Fleming,mleflemingc2@dagondesign.com,Other,19.135.72.101
560,Elvina,Le Hucquet,elehucquetqz@blinklist.com,Male,107.33.1.180
561,Brew,Le Noury,blenoury35@sun.com,Male,10.129.19.215
562,Selle,Le-Good,slegoodmh@utexas.edu,Male,55.51.15.253
563,Arin,Leband,alebandh4@clickbank.net,Other,254.246.221.36
564,Lilla,Lebrun,llebrunnh@posterous.com,Female,40.173.58.208
565,Chen,Legate,clegatez@seattletimes.com,Male,191.124.25.179
566,Shaylah,Lemonby,slemonbym0@tmall.com,Female,232.65.219.230
567,Ferguson,Lidgertwood,flidgertwoodaa@slate.com,Female,87.232.201.190
568,Johnnie,Linde,jlindear@digg.com,Male,175.54.254.29
569,Syman,Lishman,slishmanjc@mapquest.com,Male,150.47.198.112
570,Tome,Lissemore,tlissemoredj@jalbum.net,Male,112.225.34.255
571,Carolee,Llopis,cllopisme@quantcast.com,Male,161.205.161.228
572,Kora,Llorens,kllorenslz@wikipedia.org,Other,111.197.38.67
573,Aldin,Lloyd-Williams,alloydwilliams1t@cafepress.com,Female,223.230.68.226
574,Mollie,Loghan,mloghandx@independent.co.uk,Male,65.247.89.167
575,Osborn,Longega,olongegalt@shop-pro.jp,Male,187.63.178.154
576,Alanson,Louiset,alouisetro@indiegogo.com,Male,161.95.253.119
577,Desi,Lovitt,dlovitt7x@geocities.jp,Female,223.223.58.110
578,Nikos,Lowrie,nlowrie3d@plala.or.jp,Female,193.173.86.84
579,Davina,Lowth,dlowthg8@dailymail.co.uk,Female,31.129.106.83
580,Phelia,Ludman,pludmanp4@abc.net.au,Male,105.209.133.91
581,Garret,Lumby,glumby5w@hostgator.com,Female,51.118.31.94
582,Dewitt,Lusted,dlustedgt@accuweather.com,Female,145.188.22.3
583,Trevar,Mabbot,tmabbot9v@google.com,Female,177.134.161.191
584,Sigmund,Mabbot,smabbotiw@seesaa.net,Female,64.142.63.209
585,Valma,MacCallester,vmaccallestermu@si.edu,Female,59.29.41.85
586,Ernestus,MacCaull,emaccaull5m@dedecms.com,Female,116.29.213.128
587,Lillian,MacClenan,lmacclenanfu@independent.co.uk,Female,134.175.154.239
588,Becca,MacGinley,bmacginley3n@usgs.gov,Female,135.36.65.186
589,Jarrad,MacGuigan,jmacguigan29@hhs.gov,Female,219.159.45.111
590,Vanna,MacManus,vmacmanusom@desdev.cn,Other,71.221.23.146
591,Leon,MacNab,lmacnabcn@umn.edu,Female,212.156.214.243
592,Genovera,Maddox,gmaddoxm5@netlog.com,Female,166.52.154.90
593,Val,Magne,vmagneit@google.nl,Male,126.223.102.228
594,Barnabe,Mallinar,bmallinarkp@yellowbook.com,Male,90.108.243.5
595,Quentin,Mallison,qmallisonkz@nba.com,Male,34.134.11.29
596,Worden,Mandrey,wmandreyh3@wordpress.org,Female,150.149.249.59
597,Heath,Mandrier,hmandrier2w@prnewswire.com,Male,179.207.167.97
598,Verine,Mandry,vmandry4v@usgs.gov,Male,195.231.24.152
599,Dallas,Manson,dmanson3l@dot.gov,Female,154.110.143.62
600,Katheryn,Marguerite,kmargueritefd@fc2.com,Female,247.68.9.227
601,Arvy,Marham,amarham10@disqus.com,Male,228.88.56.69
602,Joya,Marian,jmarian3h@smugmug.com,Female,81.135.148.55
603,Cesya,Marin,cmarin1x@samsung.com,Male,231.148.219.86
604,Jillene,Mariyushkin,jmariyushkin6q@google.com.br,Female,28.8.135.237
605,Drusilla,Marl,dmarlol@nbcnews.com,Female,51.177.189.255
606,Leonora,Marple,lmarplefm@loc.gov,Female,210.59.72.31
607,Woody,Marquez,wmarquezfj@epa.gov,Male,190.127.116.242
608,Rriocard,Marris,rmarrisf8@utexas.edu,Male,24.3.185.162
609,Derril,Marron,dmarronkh@skype.com,Female,164.172.106.128
610,Ettore,Martina,emartina4b@123-reg.co.uk,Male,117.110.1.139
611,Frieda,Martinec,fmartinecaz@salon.com,Male,118.148.97.89
612,Cornie,Martinello,cmartinellomp@examiner.com,Female,102.93.209.114
613,Vic,Martugin,vmartuginiq@java.com,Male,146.9.191.206
614,Xever,Masse,xmasse5c@fastcompany.com,Male,153.13.220.255
615,Dianna,Mathewson,dmathewsonbf@about.me,Other,77.222.235.229
616,Rozele,Matonin,rmatoninip@yellowbook.com,Male,168.62.129.148
617,Pet,Matthewson,pmatthewson87@smh.com.au,Female,9.126.69.255
618,Ginny,Matthis,gmatthisog@patch.com,Female,216.201.150.240
619,Shelden,Mattimoe,smattimoe2f@adobe.com,Female,213.201.84.155
620,Derrik,Matuszkiewicz,dmatuszkiewicznw@hexun.com,Female,237.32.211.86
621,Casey,Mazillius,cmazilliusf3@washington.edu,Male,237.28.27.75
622,Joane,McAulay,jmcaulay7k@ning.com,Female,236.123.161.123
623,Claresta,McCarly,cmccarlyjx@theatlantic.com,Female,147.146.102.180
624,Currie,McChesney,cmcchesneypd@facebook.com,Female,130.224.213.60
625,Willi,McCloch,wmcclochjq@illinois.edu,Female,182.161.218.167
626,Isahella,McCowen,imccowengb@ehow.com,Female,175.13.19.160
627,Liesa,McCraine,lmccrainemx@techcrunch.com,Female,44.251.99.206
628,L;urette,McCrory,lmccroryah@sfgate.com,Female,111.255.233.115
629,Laryssa,McCrossan,lmccrossanct@soundcloud.com,Male,142.98.116.53
630,Jolynn,McCuffie,jmccuffie1m@examiner.com,Male,30.199.85.112
631,Hyman,McCutheon,hmccutheonov@ebay.com,Female,27.4.39.21
632,Thom,McDonagh,tmcdonaghet@cloudflare.com,Male,91.202.252.117
633,Dannie,McDougal,dmcdougaleh@naver.com,Female,65.71.185.187
634,Valaria,McGoogan,vmcgoogan20@dailymail.co.uk,Female,182.181.248.57
635,Ivor,McGucken,imcguckenb5@lycos.com,Female,176.48.238.160
636,Allyn,McIlharga,amcilharga80@topsy.com,Male,162.4.206.245
637,Carmelina,McIvor,cmcivoro8@geocities.jp,Female,120.33.94.62
638,Fran,McKevin,fmckevini3@smugmug.com,Male,161.50.4.62
639,Town,McLagain,tmclagaink@unblog.fr,Female,0.244.147.61
640,Carola,McLeese,cmcleese6t@cnbc.com,Female,233.112.78.77
641,Elka,McLellan,emclellangj@yellowpages.com,Female,247.161.18.186
642,Marquita,McLemon,mmclemon8e@huffingtonpost.com,Female,175.193.4.195
643,Grady,McMeanma,gmcmeanmajd@instagram.com,Female,109.90.38.168
644,Ellerey,McPheat,emcpheatq8@pcworld.com,Male,132.201.251.6
645,Rogers,McSkeagan,rmcskeaganln@addtoany.com,Female,40.123.141.180
646,Wynne,Meddick,wmeddick5a@google.es,Female,221.214.121.211
647,Krystal,Melledy,kmelledynj@t.co,Male,130.69.231.106
648,Ivett,Melson,imelsonbc@i2i.jp,Female,109.24.194.211
649,Elenore,Meltetal,emeltetal5l@icq.com,Female,244.67.17.137
650,Wernher,Melville,wmelvilleg7@trellian.com,Female,210.230.34.124
651,Fiorenze,Memory,fmemoryr0@topsy.com,Female,97.1.96.254
652,Dietrich,Meneghi,dmeneghikf@reuters.com,Female,71.191.104.49
653,Phillipe,Menicomb,pmenicombex@clickbank.net,Other,191.146.109.210
654,Georgy,Mennithorp,gmennithorpq9@google.com.au,Female,48.132.73.123
655,Alwin,Mepsted,amepstedjh@icio.us,Male,118.72.226.126
656,Bethanne,Merck,bmercknb@japanpost.jp,Male,105.122.54.219
657,Royce,Merigon,rmerigonm9@blog.com,Male,218.245.181.15
658,Sampson,Meriguet,smeriguetas@cdbaby.com,Other,68.150.103.92
659,Ali,Merrett,amerrettpr@csmonitor.com,Male,77.77.242.17
660,Lindsey,Merriment,lmerriment3f@list-manage.com,Male,203.161.57.10
661,Nap,Methingam,nmethingamgs@nydailynews.com,Male,177.50.223.223
662,Mel,Mettrick,mmettrick5@mtv.com,Male,196.69.171.93
663,Austin,Micallef,amicallefbl@cornell.edu,Female,178.142.62.236
664,Deeann,Michelet,dmicheletdi@businessweek.com,Male,86.19.54.51
665,Garold,Mill,gmillin@networkadvertising.org,Female,87.74.123.228
666,Michelina,Millam,mmillam9c@spotify.com,Male,197.253.42.141
667,Ivett,Millions,imillions8c@example.com,Female,228.121.171.230
668,Sharia,Mingasson,smingassonh6@studiopress.com,Female,91.114.74.216
669,Helene,Minocchi,hminocchij5@pagesperso-orange.fr,Male,237.231.216.9
670,Kristofer,Moran,kmorancr@home.pl,Male,254.222.213.104
671,Em,Morrill,emorrill22@buzzfeed.com,Male,66.39.122.204
672,Kean,Mosconi,kmosconiej@wp.com,Male,53.216.64.184
673,Bailey,Moylane,bmoylanene@icio.us,Male,77.223.202.56
674,Dynah,Mudge,dmudgefv@wikispaces.com,Other,243.202.166.149
675,Natividad,Muge,nmuge7@netscape.com,Male,212.2.219.223
676,Maude,Mulloch,mmullochkg@hc360.com,Female,88.190.70.81
677,Mohandas,Mulvey,mmulveyfn@1688.com,Female,186.52.217.113
678,Olva,Murden,omurden1l@mozilla.org,Female,5.169.73.233
679,Veronica,Murfett,vmurfettk4@google.ca,Male,91.149.25.96
680,Cristabel,Murricanes,cmurricanes4e@fc2.com,Male,247.80.45.200
681,Lisha,Murrock,lmurrockef@usatoday.com,Female,248.111.164.51
682,Georgie,Musgrove,gmusgrovegg@yale.edu,Other,6.229.254.75
683,Lon,Navarijo,lnavarijoqg@google.nl,Male,159.58.3.110
684,Jennica,Nestoruk,jnestorukiv@tumblr.com,Other,206.174.61.218
685,Felisha,Newman,fnewman71@youtube.com,Male,48.22.64.3
686,Benetta,Newsham,bnewshamrk@usatoday.com,Female,61.134.198.153
687,Johannah,Nijs,jnijsr2@foxnews.com,Male,18.50.236.171
688,Minny,Nilges,mnilgesms@pbs.org,Male,205.117.168.132
689,Brier,Nolleth,bnollethcy@upenn.edu,Male,155.45.64.64
690,Petronille,Norker,pnorkerd5@reverbnation.com,Male,138.244.29.133
691,Pyotr,Normant,pnormantkw@cpanel.net,Female,173.139.224.182
692,Milena,Northcote,mnorthcotekt@gizmodo.com,Female,27.135.115.70
693,Melly,Norvel,mnorvel7r@lycos.com,Female,60.34.188.30
694,Hattie,O' Borne,hobornehh@istockphoto.com,Male,44.93.86.225
695,Kelwin,O'Cannovane,kocannovanelg@ibm.com,Male,137.248.165.233
696,Carmella,O'Corrane,cocorraneky@technorati.com,Female,6.36.220.92
697,Andreana,O'Crigan,aocrigan3g@ebay.co.uk,Male,7.158.162.150
698,Beatrix,O'Dowd,bodowde6@jiathis.com,Female,64.23.89.203
699,Kain,O'Dunniom,kodunniomf2@ocn.ne.jp,Male,157.200.173.110
700,Claudius,O'Fairy,cofairyj2@nytimes.com,Male,62.170.8.15
701,Saunderson,O'Hartagan,sohartaganlf@xing.com,Female,159.6.158.44
702,Braden,O'Hickee,bohickee5i@github.com,Other,210.171.16.166
703,Nyssa,O'Sirin,nosirinau@seesaa.net,Male,53.243.35.57
704,Caroline,Ocklin,cocklinpb@wikimedia.org,Female,85.24.24.118
705,Valaria,Olivello,volivelloie@mayoclinic.com,Female,83.242.49.204
706,Hunter,Oller,hollereu@prlog.org,Male,22.228.55.227
707,Emlen,Ollie,eollie1y@blog.com,Male,38.30.162.189
708,Aleksandr,Onion,aonion21@macromedia.com,Male,92.229.195.98
709,Noll,Ord,nordp3@moonfruit.com,Other,195.216.205.210
710,Helenka,Orpen,horpene2@digg.com,Female,43.229.89.228
711,Allx,Otridge,aotridgei5@delicious.com,Female,66.223.144.207
712,Ginnie,Overstall,goverstallax@tripod.com,Female,8.214.8.142
713,Wilone,Packington,wpackingtonaf@paypal.com,Male,0.150.7.116
714,Rutledge,Padilla,rpadilla3k@indiegogo.com,Male,202.208.98.228
715,Heriberto,Pagram,hpagramfo@wsj.com,Male,85.188.183.178
716,Alanna,Pairpoint,apairpointh9@sfgate.com,Female,17.193.121.78
717,Calv,Pakes,cpakesh7@weather.com,Male,151.188.238.206
718,Francyne,Palle,fpalle1j@prlog.org,Female,254.87.106.82
719,Izabel,Pankhurst.,ipankhurst4h@si.edu,Other,234.116.136.232
720,Rosene,Paramor,rparamorkr@apple.com,Female,24.211.219.94
721,Ariel,Pariso,apariso6o@gov.uk,Male,148.160.44.8
722,Mitchael,Parsall,mparsall4g@nydailynews.com,Female,174.186.53.134
723,Judi,Passfield,jpassfieldaj@homestead.com,Male,161.152.85.236
724,Austine,Pechard,apechard2t@examiner.com,Female,10.115.203.71
725,Palm,Peevor,ppeevorla@google.pl,Male,197.97.5.88
726,Gerardo,Peevor,gpeevor8x@va.gov,Female,8.152.30.241
727,Nathalie,Peggs,npeggsr8@360.cn,Male,95.112.53.40
728,Gay,Pendreigh,gpendreighnn@wix.com,Male,120.99.198.21
729,Cristi,Pennock,cpennock5j@trellian.com,Male,234.228.255.34
730,Ashlie,Penwright,apenwrightw@nyu.edu,Other,41.41.22.144
731,Ilse,Pepye,ipepyek9@usa.gov,Other,129.251.38.59
732,Boothe,Perceval,bpercevalbq@telegraph.co.uk,Male,254.144.124.59
733,Rhea,Petersen,rpetersenp6@pinterest.com,Male,203.145.191.209
734,Penelope,Petford,ppetfordpl@newyorker.com,Male,53.209.220.64
735,Kenna,Pether,kpether1q@ted.com,Male,61.126.38.89
736,Adolpho,Pevsner,apevsner60@harvard.edu,Female,221.212.96.34
737,Amelina,Peye,apeyefs@hatena.ne.jp,Female,175.120.240.89
738,Wynnie,Pfeiffer,wpfeifferaq@npr.org,Male,203.217.65.199
739,Hill,Phillipp,hphillipper@about.me,Other,54.100.151.44
740,Tan,Phlipon,tphliponc@tuttocitta.it,Male,244.246.130.16
741,Robbyn,Pickles,rpicklesjj@friendfeed.com,Female,116.19.160.129
742,Ethelin,Pilsworth,epilsworth1n@sogou.com,Male,188.50.232.1
743,Willie,Pimbley,wpimbleyjz@ovh.net,Female,214.53.139.36
744,Lesli,Pischof,lpischofil@miibeian.gov.cn,Female,196.154.189.38
745,Shamus,Plumbe,splumbe1f@cnet.com,Female,180.255.103.27
746,Kevan,Poat,kpoata5@yellowbook.com,Male,180.102.19.51
747,Guillema,Posner,gposnerlc@tiny.cc,Female,103.205.46.170
748,Karlyn,Postin,kpostin5b@foxnews.com,Male,218.74.27.139
749,Sunshine,Poynzer,spoynzerm4@weather.com,Female,229.169.76.165
750,Hattie,Prall,hprall5o@blogtalkradio.com,Male,152.252.52.26
751,Albertina,Prazor,aprazorjm@berkeley.edu,Male,148.37.147.116
752,Porty,Pre,ppre1i@163.com,Female,24.198.87.99
753,Penny,Profit,pprofitjv@samsung.com,Other,63.65.189.112
754,Bartram,Prover,bproverjs@amazon.de,Male,136.178.235.65
755,Kellen,Prydie,kprydiei6@gov.uk,Female,172.165.184.184
756,Devin,Puckett,dpuckettn4@tripod.com,Female,4.96.180.176
757,Reed,Puddefoot,rpuddefootib@cargocollective.com,Female,112.218.41.139
758,Stirling,Purse,spursefg@si.edu,Male,75.16.142.73
759,Hillery,Pygott,hpygottk1@prnewswire.com,Female,150.130.54.152
760,Simon,Pylkynyton,spylkynytonim@ibm.com,Female,139.90.224.149
761,Cletis,Quakley,cquakleyi8@blogspot.com,Female,74.64.39.189
762,Bearnard,Quarlis,bquarlis6z@hugedomains.com,Female,23.224.93.161
763,Ludvig,Quarmby,lquarmby4t@sina.com.cn,Male,159.121.236.12
764,Coralie,Quibell,cquibellmv@multiply.com,Other,255.120.229.89
765,Electra,Quidenham,equidenhamp@spotify.com,Male,39.167.131.65
766,Ciel,Rabbet,crabbetl9@tinypic.com,Male,88.172.250.68
767,Colene,Rabbitts,crabbittsq4@intel.com,Female,245.236.112.230
768,Tandi,Rable,trable7n@theglobeandmail.com,Male,249.106.83.81
769,Roxanna,Rainger,rraingerm2@ezinearticles.com,Female,212.96.14.132
770,Sara,Ranklin,sranklinan@geocities.com,Female,90.10.101.220
771,Sasha,Ranscomb,sranscombep@earthlink.net,Female,62.54.197.213
772,Gilbertine,Rapin,grapine4@odnoklassniki.ru,Female,239.221.147.49
773,Linnea,Rappoport,lrappoport41@parallels.com,Male,188.191.175.232
774,Verena,Ravenscroftt,vravenscrofttn2@jigsy.com,Male,203.133.196.120
775,Robinette,Rawood,rrawood6x@slate.com,Male,49.215.53.144
776,Savina,Reaper,sreaper4n@tripod.com,Other,53.65.18.168
777,Candi,Redihalgh,credihalghos@mac.com,Male,15.26.211.12
778,Estelle,Redmond,eredmond4d@ask.com,Male,115.251.157.233
779,Terrell,Redmond,tredmond3v@tamu.edu,Male,236.158.179.36
780,Erhard,Reedman,ereedmanly@blogtalkradio.com,Female,102.190.130.219
781,Maryanna,Regis,mregisnx@bloomberg.com,Male,51.91.31.87
782,Patten,Rekes,prekesjy@stanford.edu,Male,180.202.4.171
783,Nonah,Renak,nrenak46@zdnet.com,Male,86.247.8.93
784,Niccolo,Richmont,nrichmontqv@woothemes.com,Female,54.77.206.39
785,Nola,Riddington,nriddingtonbk@google.cn,Male,133.211.29.64
786,Claire,Ride,cridemj@java.com,Male,54.53.119.181
787,Kendra,Rieme,krieme1r@hp.com,Female,131.12.227.47
788,Nike,Riguard,nriguardds@tuttocitta.it,Female,251.220.130.206
789,Bar,Rizziello,brizziellos@hibu.com,Female,226.178.33.175
790,Sampson,Robben,srobben72@nasa.gov,Female,253.254.57.179
791,Hildegarde,Roden,hrodeneo@cocolog-nifty.com,Male,246.99.123.192
792,Lance,Rodolico,lrodolico2l@rakuten.co.jp,Male,102.141.86.16
793,Jillian,Rome,jromemt@xinhuanet.com,Male,34.144.61.87
794,Kore,Rosander,krosander9f@ibm.com,Male,135.59.7.71
795,Lindsay,Rosenblath,lrosenblathnp@xing.com,Female,61.15.134.23
796,Dewie,Rosengarten,drosengartenjr@yale.edu,Female,50.51.45.198
797,Adelheid,Rosone,arosoneqh@ovh.net,Male,95.35.166.115
798,Brigham,Rospars,brosparspa@house.gov,Other,13.21.233.52
799,Gaylene,Rossant,grossant4f@mlb.com,Female,117.187.148.27
800,Stanford,Rouby,srouby8z@narod.ru,Female,186.10.222.111
801,Darryl,Ruberti,druberti8m@cbslocal.com,Female,141.41.241.96
802,Silvana,Rushworth,srushworth1e@dion.ne.jp,Female,11.46.112.138
803,Stephenie,Rust,srustq7@dedecms.com,Male,118.111.70.142
804,Art,Rustan,arustanfc@jigsy.com,Other,124.38.127.211
805,Udall,Rutley,urutleypw@nasa.gov,Male,152.245.229.127
806,Willi,Saffrin,wsaffrink7@taobao.com,Female,73.112.180.86
807,Garv,Sainer,gsainer95@bravesites.com,Female,134.167.94.233
808,Huntley,Sambrook,hsambrookpi@aol.com,Male,191.36.14.245
809,Darn,Samper,dsamper1o@seattletimes.com,Female,253.98.142.191
810,Mal,Sancho,msancho84@arstechnica.com,Female,67.122.167.66
811,Murray,Sandal,msandalq0@marriott.com,Male,190.199.31.127
812,Emory,Sandwich,esandwichot@irs.gov,Female,86.187.64.230
813,Norah,Sandys,nsandysx@sina.com.cn,Male,254.95.9.104
814,Addie,Sanford,asanfordlq@aol.com,Other,65.165.125.68
815,Oates,Sapp,osappa@dedecms.com,Female,217.3.172.143
816,Tripp,Sapwell,tsapwellp0@army.mil,Female,136.229.171.189
817,Godiva,Sarfass,gsarfassag@nyu.edu,Male,222.28.174.16
818,Colly,Scamadine,cscamadineg4@live.com,Male,179.61.139.117
819,Nealy,Schade,nschadef7@newyorker.com,Male,107.40.33.86
820,Deeanne,Schaumaker,dschaumakerbr@cpanel.net,Female,208.113.190.212
821,Melanie,Schild,mschildhb@smugmug.com,Male,232.203.133.149
822,Tanny,Schimke,tschimkepq@imageshack.us,Other,39.228.178.136
823,Stanwood,Schirach,sschirach4q@china.com.cn,Male,101.111.171.113
824,Stuart,Schruurs,sschruurs1w@china.com.cn,Male,85.129.82.171
825,Steve,Schumacher,sschumachergl@theguardian.com,Female,19.55.162.78
826,Danell,Schuricke,dschurickebj@indiegogo.com,Male,235.5.185.38
827,Eyde,Schwieso,eschwiesol4@europa.eu,Male,108.253.110.198
828,Hashim,Sciacovelli,hsciacovelli5z@examiner.com,Female,58.118.43.190
829,Angus,Scoggins,ascoggins8g@alibaba.com,Female,254.186.75.175
830,Tonya,Scoles,tscolesr9@rakuten.co.jp,Other,127.57.41.1
831,Marjy,Scotting,mscotting3j@bloomberg.com,Other,250.221.199.212
832,Ginny,Seadon,gseadon2j@webs.com,Female,237.22.14.208
833,Kath,Sexstone,ksexstone5t@shinystat.com,Male,212.219.192.165
834,Hal,Sextone,hsextone44@oracle.com,Male,160.254.254.38
835,Henri,Shakle,hshakle7g@ow.ly,Other,158.89.201.200
836,Vi,Shepley,vshepleyri@techcrunch.com,Female,245.240.2.219
837,Udale,Shills,ushillsoz@hostgator.com,Male,128.53.199.225
838,Maudie,Shoosmith,mshoosmith9d@w3.org,Male,101.4.232.247
839,Irvine,Shortcliffe,ishortcliffegi@samsung.com,Male,228.206.182.5
840,Rusty,Shovlar,rshovlarr3@hud.gov,Female,167.127.83.147
841,Gui,Showler,gshowlerjk@ezinearticles.com,Female,208.156.59.98
842,Thayne,Shurrocks,tshurrocksn9@themeforest.net,Female,208.110.95.56
843,Kennith,Shurrocks,kshurrocksnd@exblog.jp,Male,200.23.243.11
844,Farlie,Shuttlewood,fshuttlewoodih@sbwire.com,Male,177.76.172.89
845,Tessy,Sibson,tsibsonq2@weather.com,Male,170.41.244.225
846,Kattie,Siggee,ksiggeep7@un.org,Female,22.130.243.200
847,Fairlie,Siggers,fsiggers4m@w3.org,Female,90.35.35.117
848,Alisa,Sigmund,asigmund4c@shareasale.com,Male,165.218.221.28
849,Miller,Sill,msillek@stumbleupon.com,Female,200.226.45.81
850,Mill,Silley,msilleyrc@bluehost.com,Male,54.178.127.42
851,Salvidor,Simka,ssimka6e@seattletimes.com,Female,11.213.21.127
852,Carmina,Simoni,csimoniiy@va.gov,Other,125.21.94.49
853,Cathe,Sinney,csinneyid@oaic.gov.au,Female,225.221.240.204
854,Rosanne,Skatcher,rskatcher4u@list-manage.com,Female,49.240.98.9
855,Correy,Skelbeck,cskelbeck5y@tinyurl.com,Male,217.21.161.145
856,Dewey,Skelly,dskellyp1@mysql.com,Male,99.253.186.173
857,Adrea,Skelly,askelly6u@nba.com,Female,208.219.128.98
858,Nevins,Skentelbery,nskentelberyix@hibu.com,Male,112.191.236.121
859,Karita,Skippon,kskippon4x@taobao.com,Male,97.0.110.3
860,Erek,Skittrell,eskittrellr7@cnn.com,Male,24.61.187.154
861,Dionysus,Sleightholm,dsleightholm92@wunderground.com,Female,85.118.64.13
862,Linzy,Slowgrave,lslowgrave3@weebly.com,Other,136.243.240.28
863,Aguste,Smedmoor,asmedmoordc@gravatar.com,Male,62.161.148.63
864,Alexis,Smeeth,asmeethga@imageshack.us,Female,255.39.0.62
865,Ric,Snawdon,rsnawdonb8@telegraph.co.uk,Male,39.190.16.145
866,Mahalia,Sneyd,msneydrl@walmart.com,Female,117.189.63.165
867,Edouard,Snugg,esnuggqr@opensource.org,Male,219.217.247.66
868,Hervey,Soars,hsoarsns@dyndns.org,Female,158.136.75.117
869,Caralie,Sodor,csodorqa@statcounter.com,Male,51.202.178.163
870,Lark,Soles,lsoleso9@feedburner.com,Female,213.34.208.205
871,Vivianna,Sonner,vsonnergx@japanpost.jp,Male,200.247.194.225
872,Beale,Sorsbie,bsorsbie39@wix.com,Female,56.167.98.130
873,Kat,Southwick,ksouthwick6m@biblegateway.com,Female,108.108.249.28
874,Kathrine,Sperring,ksperringra@ezinearticles.com,Male,145.244.162.84
875,Lorettalorna,Spohr,lspohrhx@blinklist.com,Female,91.12.32.208
876,Dolph,Sprosson,dsprossonf9@discovery.com,Male,157.78.11.9
877,Brantley,Spybey,bspybey1p@weibo.com,Female,96.255.21.171
878,Dalia,Stair,dstairb7@bloomberg.com,Other,161.133.235.234
879,Daron,Stathers,dstatherscm@tinypic.com,Male,37.255.80.156
880,Roxane,Steane,rsteaneff@google.co.uk,Female,169.27.56.93
881,Kellina,Stede,kstede9o@icq.com,Other,179.155.7.70
882,Augustin,Steers,asteers6y@4shared.com,Male,182.226.160.28
883,Danna,Steptowe,dsteptoweap@jugem.jp,Female,138.85.38.246
884,Dallas,Stiles,dstileshu@gravatar.com,Female,60.29.127.34
885,Alfie,Stitwell,astitwellls@miibeian.gov.cn,Female,227.159.186.199
886,Twyla,Stoile,tstoileis@eepurl.com,Male,8.252.244.32
887,Ulrike,Stolte,ustolteq6@buzzfeed.com,Female,146.79.237.103
888,Eunice,Stopp,estoppho@booking.com,Female,116.2.149.55
889,Richy,Stothart,rstothart6@slideshare.net,Female,47.20.35.130
890,Audre,Stovell,astovell3z@mit.edu,Female,10.20.162.114
891,Estelle,Strelitzer,estrelitzer2n@a8.net,Female,153.1.131.126
892,Dollie,Stroder,dstroder8y@cbslocal.com,Male,20.157.40.78
893,Elvira,Sturges,esturges3r@eepurl.com,Female,0.38.52.2
894,Jada,Sudell,jsudellab@liveinternet.ru,Other,185.43.57.51
895,Parry,Summerrell,psummerrellhn@weibo.com,Female,188.79.73.95
896,Dollie,Summerson,dsummerson2d@icio.us,Male,3.248.193.110
897,Denise,Swafield,dswafield6d@yelp.com,Female,109.177.143.190
898,Abelard,Sword,aswordb1@dropbox.com,Male,253.5.74.204
899,Lissi,Tafani,ltafani37@phpbb.com,Male,171.224.159.127
900,Eleanor,Tallman,etallmane@paginegialle.it,Male,160.197.33.64
901,Julita,Tallon,jtallonfh@privacy.gov.au,Female,175.47.230.41
902,Olivette,Tapner,otapnerhr@zimbio.com,Male,158.138.83.158
903,Jarad,Tappington,jtappingtond3@elegantthemes.com,Female,167.104.213.166
904,Dov,Tassell,dtassell7z@vkontakte.ru,Other,163.114.195.58
905,Cesare,Tawn,ctawn8s@cisco.com,Female,177.14.49.30
906,Norene,Tease,ntease3o@github.io,Female,83.133.93.151
907,Bernard,Temperley,btemperleyoh@reddit.com,Male,133.242.111.226
908,Starla,Tenniswood,stenniswood5r@cocolog-nifty.com,Male,181.41.47.129
909,Edgard,Terrans,eterrans85@issuu.com,Male,121.1.101.94
910,Lutero,Tevlin,ltevlin1h@state.gov,Male,18.211.236.230
911,Hughie,Thaw,hthawa1@discuz.net,Male,214.126.195.162
912,Nefen,Thornally,nthornallybt@uol.com.br,Male,5.57.76.113
913,Guthry,Threadgold,gthreadgoldc5@paginegialle.it,Male,214.249.231.79
914,Martha,Throssell,mthrossellci@kickstarter.com,Male,74.170.130.113
915,Maximilian,Thyng,mthyng2v@noaa.gov,Male,51.57.234.144
916,Robyn,Tiller,rtillerdz@about.com,Female,69.121.248.8
917,Zitella,Tingle,ztinglea2@gravatar.com,Male,215.244.6.23
918,Denney,Tinline,dtinlineif@psu.edu,Female,101.199.79.193
919,Fairleigh,Tiptaft,ftiptaft9r@earthlink.net,Female,78.115.161.238
920,Shaylynn,Todarello,stodarellopm@cdbaby.com,Female,184.131.123.246
921,Ewen,Toffalo,etoffalog2@addthis.com,Female,173.199.48.47
922,Cortie,Toffts,ctofftsfr@sourceforge.net,Other,54.190.240.234
923,Tracey,Tolefree,ttolefreenq@java.com,Female,25.234.62.121
924,Bobby,Tollady,btolladyce@hugedomains.com,Male,10.146.82.100
925,Marion,Tomich,mtomichqp@drupal.org,Male,236.51.88.103
926,Gus,Tonkinson,gtonkinsong3@tripadvisor.com,Female,5.73.22.5
927,Tyler,Toohey,ttoohey8n@reuters.com,Female,87.86.51.173
928,Jolynn,Tooth,jtoothoc@slashdot.org,Female,77.196.229.147
929,Ermentrude,Topliss,etoplissd9@about.me,Male,74.243.80.215
930,Harbert,Topper,htopperha@nymag.com,Female,0.173.155.69
931,Trudie,Traylen,ttraylenqb@europa.eu,Female,59.119.110.109
932,Boyd,Trayling,btraylingbz@reddit.com,Female,232.3.95.229
933,Darbee,Treadway,dtreadway6f@weebly.com,Male,68.97.123.217
934,Robbi,Tredger,rtredgerpj@dot.gov,Female,24.196.166.215
935,Aleece,Trembey,atrembey2a@columbia.edu,Female,224.0.186.187
936,Bobina,Tremble,btrembleql@symantec.com,Other,128.238.3.142
937,Novelia,Trenaman,ntrenamanm7@google.pl,Male,71.26.206.217
938,Eugenie,Trevain,etrevaink0@disqus.com,Male,226.162.94.122
939,Brandais,Trittam,btrittam3i@comsenz.com,Female,50.183.170.172
940,Frasquito,Trumper,ftrumperm3@edublogs.org,Male,189.141.59.18
941,Bernice,Trundle,btrundlef6@typepad.com,Male,61.165.34.152
942,Margette,Trustey,mtrustey7y@answers.com,Male,12.81.78.138
943,Adina,Tucknott,atucknott78@wordpress.org,Male,143.220.24.164
944,Dena,Turvie,dturvie63@time.com,Male,153.68.159.45
945,Colin,Twinning,ctwinningcd@wired.com,Male,241.178.245.221
946,Cassandra,Ulster,culstereg@biglobe.ne.jp,Female,125.135.156.60
947,Neddy,Underhill,nunderhille7@miibeian.gov.cn,Female,28.109.54.14
948,Alecia,Uppett,auppettd0@yolasite.com,Female,182.67.217.253
949,Catie,Upshall,cupshallna@blogs.com,Male,37.14.100.72
950,Astrid,Urion,aurion9j@nps.gov,Male,2.15.67.144
951,Danny,Van Der Vlies,dvandervliesku@huffingtonpost.com,Male,243.73.44.162
952,Jolene,Vanni,jvanni56@parallels.com,Male,55.165.242.142
953,Stefanie,Veldman,sveldmann1@fastcompany.com,Male,175.51.52.147
954,Yalonda,Venn,yvenni9@theguardian.com,Male,10.41.250.217
955,Sydney,Vigers,svigersf@ft.com,Male,41.210.197.6
956,Candis,Vigours,cvigoursrm@goodreads.com,Female,160.94.90.142
957,Glynis,Vince,gvinceb2@parallels.com,Female,9.27.63.60
958,Edmon,Vitler,evitler51@multiply.com,Other,107.178.60.178
959,Benn,Vizor,bvizorft@bloglovin.com,Female,75.226.75.241
960,Milty,Waddilove,mwaddilovenf@stanford.edu,Female,24.69.53.35
961,Nicoli,Wagerfield,nwagerfieldea@wordpress.com,Other,43.207.202.10
962,Padraig,Waggett,pwaggett93@mozilla.com,Female,204.188.175.221
963,Edgardo,Waistall,ewaistallkl@w3.org,Male,230.197.58.91
964,Galvan,Wakefield,gwakefield59@netlog.com,Female,82.33.213.247
965,Georgetta,Wandrack,gwandrackhg@baidu.com,Male,79.93.38.251
966,Pavla,Warrington,pwarringtonc9@microsoft.com,Female,218.75.185.77
967,Monro,Webber,mwebber15@macromedia.com,Female,247.53.9.212
968,Lillis,Wehner,lwehnern0@sogou.com,Female,100.10.149.112
969,Anjanette,Wehnerr,awehnerrcx@dropbox.com,Male,168.251.73.1
970,Ario,Weld,aweldqx@businesswire.com,Male,76.245.221.67
971,Daryl,Wellings,dwellingsrr@fotki.com,Male,95.81.111.69
972,Edlin,Wellington,ewellingtondr@yahoo.com,Male,57.249.42.108
973,Miran,Whaplington,mwhaplingtonj9@nyu.edu,Male,59.66.194.250
974,Virge,Wheildon,vwheildonc6@wufoo.com,Female,24.116.0.127
975,Edy,Whenman,ewhenman54@thetimes.co.uk,Male,27.101.238.230
976,Marius,Whitfield,mwhitfielddb@oracle.com,Other,29.185.79.24
977,Elwira,Wickman,ewickmanc0@jugem.jp,Female,174.121.196.62
978,Myriam,Wikey,mwikeycu@irs.gov,Female,223.126.101.135
979,Nissy,Wilderspoon,nwilderspoonlx@cloudflare.com,Female,47.190.82.163
980,Bess,Willisch,bwillisch2p@pbs.org,Male,105.181.189.210
981,Aloysius,Winchcomb,awinchcombe5@unblog.fr,Female,122.58.1.92
982,Berkly,Winchcombe,bwinchcombehs@techcrunch.com,Male,224.208.38.176
983,Arney,Witherop,awitherop9m@feedburner.com,Female,174.19.198.21
984,Silvia,Withull,swithull2b@forbes.com,Female,44.51.238.103
985,Kendrick,Wloch,kwlochbw@oakley.com,Female,140.26.193.232
986,Dania,Woehler,dwoehlerk3@sogou.com,Male,74.175.216.221
987,Kirby,Wolfe,kwolfe96@about.me,Female,225.255.169.176
988,Christoph,Woolatt,cwoolattf1@amazonaws.com,Female,146.189.171.44
989,Nonna,Woolf,nwoolfi1@mashable.com,Female,207.160.29.130
990,Elset,Woolmer,ewoolmerqj@hc360.com,Male,34.83.30.183
991,Lionel,Worral,lworral8k@spotify.com,Female,255.139.227.179
992,Brena,Wudeland,bwudeland9b@ocn.ne.jp,Female,103.192.98.37
993,Lind,Yakovitch,lyakovitch9u@angelfire.com,Female,236.240.97.85
994,Joannes,Yanele,jyanelecv@sciencedaily.com,Female,119.210.237.152
995,Justis,Yardy,jyardycp@kickstarter.com,Male,184.192.70.120
996,Jeramie,Yendle,jyendledm@dropbox.com,Male,83.180.19.113
997,Adore,Zealander,azealanderno@trellian.com,Male,209.170.255.217
998,Mag,Zebedee,mzebedeees@mapquest.com,Male,140.103.169.54
999,Sharlene,Zute,szuteik@163.com,Male,27.68.126.94
1000,Jacenta,Zywicki,jzywickigd@facebook.com,Male,15.162.119.47
